date,day_of_week,symbol,close
2016-01-04,1,AMZ-GY,592.9
2016-01-05,2,AMZ-GY,590.4
2016-01-06,3,AMZ-GY,591.6
2016-01-07,4,AMZ-GY,576
2016-01-08,5,AMZ-GY,561.5
2016-01-11,1,AMZ-GY,558.3
2016-01-12,2,AMZ-GY,573.1
2016-01-13,3,AMZ-GY,557.1
2016-01-14,4,AMZ-GY,545.1
2016-01-15,5,AMZ-GY,522.25
2016-01-18,1,AMZ-GY,525.55
2016-01-19,2,AMZ-GY,529.1
2016-01-20,3,AMZ-GY,504.399
2016-01-21,4,AMZ-GY,537.35
2016-01-22,5,AMZ-GY,547.7
2016-01-25,1,AMZ-GY,555
2016-01-26,2,AMZ-GY,545.55
2016-01-27,3,AMZ-GY,546.3
2016-01-28,4,AMZ-GY,558.9
2016-01-29,5,AMZ-GY,537.7
2016-02-01,1,AMZ-GY,530.85
2016-02-02,2,AMZ-GY,514
2016-02-03,3,AMZ-GY,481.6
2016-02-04,4,AMZ-GY,474.4
2016-02-05,5,AMZ-GY,455.05
2016-02-08,1,AMZ-GY,430.65
2016-02-09,2,AMZ-GY,431.9
2016-02-10,3,AMZ-GY,444.3
2016-02-11,4,AMZ-GY,435.2
2016-02-12,5,AMZ-GY,459.2
2016-02-15,1,AMZ-GY,465.8
2016-02-16,2,AMZ-GY,461.45
2016-02-17,3,AMZ-GY,477.9
2016-02-18,4,AMZ-GY,481.5
2016-02-19,5,AMZ-GY,476.2
2016-02-22,1,AMZ-GY,507.75
2016-02-23,2,AMZ-GY,497.15
2016-02-24,3,AMZ-GY,485.25
2016-02-25,4,AMZ-GY,498.05
2016-02-26,5,AMZ-GY,510.3
2016-02-29,1,AMZ-GY,514.6
2016-03-01,2,AMZ-GY,523.15
2016-03-02,3,AMZ-GY,534.5
2016-03-03,4,AMZ-GY,525.35
2016-03-04,5,AMZ-GY,526.35
2016-03-07,1,AMZ-GY,512.85
2016-03-08,2,AMZ-GY,510.85
2016-03-09,3,AMZ-GY,502.001
2016-03-10,4,AMZ-GY,499
2016-03-11,5,AMZ-GY,507.85
2016-03-14,1,AMZ-GY,517.2
2016-03-15,2,AMZ-GY,516.85
2016-03-16,3,AMZ-GY,518.95
2016-03-17,4,AMZ-GY,493.1
2016-03-18,5,AMZ-GY,490.35
2016-03-21,1,AMZ-GY,483.449
2016-03-22,2,AMZ-GY,497.85
2016-03-23,3,AMZ-GY,507.9
2016-03-24,4,AMZ-GY,517.65
2016-03-29,2,AMZ-GY,526
2016-03-30,3,AMZ-GY,526.9
2016-03-31,4,AMZ-GY,523.55
2016-04-01,5,AMZ-GY,524.65
2016-04-04,1,AMZ-GY,521.25
2016-04-05,2,AMZ-GY,518
2016-04-06,3,AMZ-GY,522.5
2016-04-07,4,AMZ-GY,518.8
2016-04-08,5,AMZ-GY,519
2016-04-11,1,AMZ-GY,524.2
2016-04-12,2,AMZ-GY,526.75
2016-04-13,3,AMZ-GY,544.3
2016-04-14,4,AMZ-GY,550.6
2016-04-15,5,AMZ-GY,552.2
2016-04-18,1,AMZ-GY,556.3
2016-04-19,2,AMZ-GY,553.8
2016-04-20,3,AMZ-GY,560.749
2016-04-21,4,AMZ-GY,562.55
2016-04-22,5,AMZ-GY,545.7
2016-04-25,1,AMZ-GY,550
2016-04-26,2,AMZ-GY,546.25
2016-04-27,3,AMZ-GY,535
2016-04-28,4,AMZ-GY,548.9
2016-04-29,5,AMZ-GY,575.7
2016-05-02,1,AMZ-GY,587.2
2016-05-03,2,AMZ-GY,586.75
2016-05-04,3,AMZ-GY,581.2
2016-05-05,4,AMZ-GY,586.05
2016-05-06,5,AMZ-GY,580.4
2016-05-09,1,AMZ-GY,594.2
2016-05-10,2,AMZ-GY,612.85
2016-05-11,3,AMZ-GY,622.65
2016-05-12,4,AMZ-GY,627.2
2016-05-13,5,AMZ-GY,630
2016-05-17,2,AMZ-GY,623
2016-05-18,3,AMZ-GY,618.75
2016-05-19,4,AMZ-GY,617.2
2016-05-20,5,AMZ-GY,630
2016-05-23,1,AMZ-GY,623.75
2016-05-24,2,AMZ-GY,632.75
2016-05-25,3,AMZ-GY,634.5
2016-05-26,4,AMZ-GY,639
2016-05-27,5,AMZ-GY,642
2016-05-30,1,AMZ-GY,642
2016-05-31,2,AMZ-GY,649.45
2016-06-01,3,AMZ-GY,646.55
2016-06-02,4,AMZ-GY,645.2
2016-06-03,5,AMZ-GY,636
2016-06-06,1,AMZ-GY,641.4
2016-06-07,2,AMZ-GY,639
2016-06-08,3,AMZ-GY,637.35
2016-06-09,4,AMZ-GY,641
2016-06-10,5,AMZ-GY,636.5
2016-06-13,1,AMZ-GY,636.95
2016-06-14,2,AMZ-GY,637.75
2016-06-15,3,AMZ-GY,637.282
2016-06-16,4,AMZ-GY,634.5
2016-06-17,5,AMZ-GY,627.2
2016-06-20,1,AMZ-GY,637.05
2016-06-21,2,AMZ-GY,633.3
2016-06-22,3,AMZ-GY,630.85
2016-06-23,4,AMZ-GY,632.6
2016-06-24,5,AMZ-GY,633.8
2016-06-27,1,AMZ-GY,625.15
2016-06-28,2,AMZ-GY,637.65
2016-06-29,3,AMZ-GY,646.2
2016-06-30,4,AMZ-GY,647.15
2016-07-01,5,AMZ-GY,650.95
2016-07-04,1,AMZ-GY,655
2016-07-05,2,AMZ-GY,650.2
2016-07-06,3,AMZ-GY,662.5
2016-07-07,4,AMZ-GY,662.7
2016-07-08,5,AMZ-GY,673.5
2016-07-11,1,AMZ-GY,683.9
2016-07-12,2,AMZ-GY,679.05
2016-07-13,3,AMZ-GY,673.05
2016-07-14,4,AMZ-GY,670.5
2016-07-15,5,AMZ-GY,666
2016-07-18,1,AMZ-GY,666.8
2016-07-19,2,AMZ-GY,674.85
2016-07-20,3,AMZ-GY,676.651
2016-07-21,4,AMZ-GY,678.45
2016-07-22,5,AMZ-GY,682.25
2016-07-25,1,AMZ-GY,675.95
2016-07-26,2,AMZ-GY,670.7
2016-07-27,3,AMZ-GY,672.1
2016-07-28,4,AMZ-GY,675.65
2016-07-29,5,AMZ-GY,684.9
2016-08-01,1,AMZ-GY,687.35
2016-08-02,2,AMZ-GY,676.449
2016-08-03,3,AMZ-GY,674.5
2016-08-04,4,AMZ-GY,679.75
2016-08-05,5,AMZ-GY,693.199
2016-08-08,1,AMZ-GY,689
2016-08-09,2,AMZ-GY,694.2
2016-08-10,3,AMZ-GY,687.45
2016-08-11,4,AMZ-GY,689.6
2016-08-12,5,AMZ-GY,690.4
2016-08-15,1,AMZ-GY,687
2016-08-16,2,AMZ-GY,678.65
2016-08-17,3,AMZ-GY,674.35
2016-08-18,4,AMZ-GY,673.35
2016-08-19,5,AMZ-GY,670.701
2016-08-22,1,AMZ-GY,669.3
2016-08-23,2,AMZ-GY,674.35
2016-08-24,3,AMZ-GY,676.049
2016-08-25,4,AMZ-GY,670.85
2016-08-26,5,AMZ-GY,682.45
2016-08-29,1,AMZ-GY,691.15
2016-08-30,2,AMZ-GY,687.75
2016-08-31,3,AMZ-GY,687.25
2016-09-01,4,AMZ-GY,686.55
2016-09-02,5,AMZ-GY,693.75
2016-09-05,1,AMZ-GY,693.499
2016-09-06,2,AMZ-GY,695.9
2016-09-07,3,AMZ-GY,698.65
2016-09-08,4,AMZ-GY,694.65
2016-09-09,5,AMZ-GY,690.9
2016-09-12,1,AMZ-GY,684.15
2016-09-13,2,AMZ-GY,677
2016-09-14,3,AMZ-GY,677.7
2016-09-15,4,AMZ-GY,682.7
2016-09-16,5,AMZ-GY,699.05
2016-09-19,1,AMZ-GY,693.65
2016-09-20,2,AMZ-GY,696.1
2016-09-21,3,AMZ-GY,701.85
2016-09-22,4,AMZ-GY,711.65
2016-09-23,5,AMZ-GY,717.35
2016-09-26,1,AMZ-GY,712
2016-09-27,2,AMZ-GY,725.55
2016-09-28,3,AMZ-GY,734.3
2016-09-29,4,AMZ-GY,737.35
2016-09-30,5,AMZ-GY,745.2
2016-10-04,2,AMZ-GY,748.25
2016-10-05,3,AMZ-GY,750.249
2016-10-06,4,AMZ-GY,755.3
2016-10-07,5,AMZ-GY,754.45
2016-10-10,1,AMZ-GY,756.5
2016-10-11,2,AMZ-GY,752.5
2016-10-12,3,AMZ-GY,758.6
2016-10-13,4,AMZ-GY,747.7
2016-10-14,5,AMZ-GY,753.95
2016-10-17,1,AMZ-GY,741.1
2016-10-18,2,AMZ-GY,744.7
2016-10-19,3,AMZ-GY,744.55
2016-10-20,4,AMZ-GY,741.7
2016-10-21,5,AMZ-GY,749.3
2016-10-24,1,AMZ-GY,764.95
2016-10-25,2,AMZ-GY,774.15
2016-10-26,3,AMZ-GY,759.3
2016-10-27,4,AMZ-GY,754.75
2016-10-28,5,AMZ-GY,715.65
2016-10-31,1,AMZ-GY,723.75
2016-11-01,2,AMZ-GY,712.6
2016-11-02,3,AMZ-GY,696.6
2016-11-03,4,AMZ-GY,691.55
2016-11-04,5,AMZ-GY,683.95
2016-11-07,1,AMZ-GY,708.4
2016-11-08,2,AMZ-GY,712.6
2016-11-09,3,AMZ-GY,703.95
2016-11-10,4,AMZ-GY,686.7
2016-11-11,5,AMZ-GY,676.85
2016-11-14,1,AMZ-GY,671.55
2016-11-15,2,AMZ-GY,688.45
2016-11-16,3,AMZ-GY,700.5
2016-11-17,4,AMZ-GY,707.25
2016-11-18,5,AMZ-GY,718.15
2016-11-21,1,AMZ-GY,730.15
2016-11-22,2,AMZ-GY,735.05
2016-11-23,3,AMZ-GY,734.15
2016-11-24,4,AMZ-GY,738.55
2016-11-25,5,AMZ-GY,735.2
2016-11-28,1,AMZ-GY,729
2016-11-29,2,AMZ-GY,720.9
2016-11-30,3,AMZ-GY,717.55
2016-12-01,4,AMZ-GY,700
2016-12-02,5,AMZ-GY,697.25
2016-12-05,1,AMZ-GY,708
2016-12-06,2,AMZ-GY,713.6
2016-12-07,3,AMZ-GY,710.05
2016-12-08,4,AMZ-GY,724.7
2016-12-09,5,AMZ-GY,727.4
2016-12-12,1,AMZ-GY,717.8
2016-12-13,2,AMZ-GY,732.8
2016-12-14,3,AMZ-GY,724.85
2016-12-15,4,AMZ-GY,739
2016-12-16,5,AMZ-GY,722.1
2016-12-19,1,AMZ-GY,735
2016-12-20,2,AMZ-GY,746
2016-12-21,3,AMZ-GY,734.35
2016-12-22,4,AMZ-GY,732.15
2016-12-23,5,AMZ-GY,723.4
2016-12-27,2,AMZ-GY,739
2016-12-28,3,AMZ-GY,745.05
2016-12-29,4,AMZ-GY,729.65
2016-12-30,5,AMZ-GY,727.8
2017-01-02,1,AMZ-GY,728.1
2017-01-03,2,AMZ-GY,722.05
2017-01-04,3,AMZ-GY,721.5
2017-01-05,4,AMZ-GY,731.7
2017-01-06,5,AMZ-GY,749
2017-01-09,1,AMZ-GY,754.15
2017-01-10,2,AMZ-GY,756.4
2017-01-11,3,AMZ-GY,754.45
2017-01-12,4,AMZ-GY,754
2017-01-13,5,AMZ-GY,771.3
2017-01-16,1,AMZ-GY,771
2017-01-17,2,AMZ-GY,758.749
2017-01-18,3,AMZ-GY,754.8
2017-01-19,4,AMZ-GY,766.3
2017-01-20,5,AMZ-GY,760.45
2017-01-23,1,AMZ-GY,755.45
2017-01-24,2,AMZ-GY,765.2
2017-01-25,3,AMZ-GY,775.8
2017-01-26,4,AMZ-GY,786.7
2017-01-27,5,AMZ-GY,781.8
2017-01-30,1,AMZ-GY,771.701
2017-01-31,2,AMZ-GY,760.1
2017-02-01,3,AMZ-GY,768.9
2017-02-02,4,AMZ-GY,779.3
2017-02-03,5,AMZ-GY,752.45
2017-02-06,1,AMZ-GY,751.55
2017-02-07,2,AMZ-GY,760.75
2017-02-08,3,AMZ-GY,765.3
2017-02-09,4,AMZ-GY,772.75
2017-02-10,5,AMZ-GY,777
2017-02-13,1,AMZ-GY,793.95
2017-02-14,2,AMZ-GY,789.45
2017-02-15,3,AMZ-GY,793.25
2017-02-16,4,AMZ-GY,788.6
2017-02-17,5,AMZ-GY,796.2
2017-02-20,1,AMZ-GY,798.799
2017-02-21,2,AMZ-GY,812
2017-02-22,3,AMZ-GY,813.2
2017-02-23,4,AMZ-GY,805.05
2017-02-24,5,AMZ-GY,795.7
2017-02-27,1,AMZ-GY,800
2017-02-28,2,AMZ-GY,799.85
2017-03-01,3,AMZ-GY,806.2
2017-03-02,4,AMZ-GY,807.05
2017-03-03,5,AMZ-GY,805.2
2017-03-06,1,AMZ-GY,795.45
2017-03-07,2,AMZ-GY,799.2
2017-03-08,3,AMZ-GY,806.15
2017-03-09,4,AMZ-GY,808.1
2017-03-10,5,AMZ-GY,801.2
2017-03-13,1,AMZ-GY,801.3
2017-03-14,2,AMZ-GY,798.35
2017-03-15,3,AMZ-GY,799.3
2017-03-16,4,AMZ-GY,794.15
2017-03-17,5,AMZ-GY,792.8
2017-03-20,1,AMZ-GY,796.9
2017-03-21,2,AMZ-GY,786
2017-03-22,3,AMZ-GY,784.15
2017-03-23,4,AMZ-GY,787.9
2017-03-24,5,AMZ-GY,786.2
2017-03-27,1,AMZ-GY,775.6
2017-03-28,2,AMZ-GY,786.2
2017-03-29,3,AMZ-GY,807.7
2017-03-30,4,AMZ-GY,814.15
2017-03-31,5,AMZ-GY,831
2017-04-03,1,AMZ-GY,833.65
2017-04-04,2,AMZ-GY,844.35
2017-04-05,3,AMZ-GY,861.5
2017-04-06,4,AMZ-GY,847.55
2017-04-07,5,AMZ-GY,841.1
2017-04-10,1,AMZ-GY,854.35
2017-04-11,2,AMZ-GY,846.55
2017-04-12,3,AMZ-GY,848.7
2017-04-13,4,AMZ-GY,839.9
2017-04-18,2,AMZ-GY,845
2017-04-19,3,AMZ-GY,847.9
2017-04-20,4,AMZ-GY,837.449
2017-04-21,5,AMZ-GY,840.25
2017-04-24,1,AMZ-GY,835.75
2017-04-25,2,AMZ-GY,829.5
2017-04-26,3,AMZ-GY,837.15
2017-04-27,4,AMZ-GY,847.25
2017-04-28,5,AMZ-GY,858.05
2017-05-02,2,AMZ-GY,865.8
2017-05-03,3,AMZ-GY,858.55
2017-05-04,4,AMZ-GY,855.4
2017-05-05,5,AMZ-GY,848.5
2017-05-08,1,AMZ-GY,860.7
2017-05-09,2,AMZ-GY,876.65
2017-05-10,3,AMZ-GY,873.9
2017-05-11,4,AMZ-GY,868.45
2017-05-12,5,AMZ-GY,876.7
2017-05-15,1,AMZ-GY,873.85
2017-05-16,2,AMZ-GY,872.35
2017-05-17,3,AMZ-GY,856.15
2017-05-18,4,AMZ-GY,859.9
2017-05-19,5,AMZ-GY,863.85
2017-05-22,1,AMZ-GY,863
2017-05-23,2,AMZ-GY,865.35
2017-05-24,3,AMZ-GY,870.85
2017-05-25,4,AMZ-GY,888.85
2017-05-26,5,AMZ-GY,889.8
2017-05-29,1,AMZ-GY,897
2017-05-30,2,AMZ-GY,892.95
2017-05-31,3,AMZ-GY,882.4
2017-06-01,4,AMZ-GY,887.45
2017-06-02,5,AMZ-GY,889.05
2017-06-06,2,AMZ-GY,896.45
2017-06-07,3,AMZ-GY,893.7
2017-06-08,4,AMZ-GY,900
2017-06-09,5,AMZ-GY,899.05
2017-06-12,1,AMZ-GY,867.55
2017-06-13,2,AMZ-GY,867.4
2017-06-14,3,AMZ-GY,873.95
2017-06-15,4,AMZ-GY,861.05
2017-06-16,5,AMZ-GY,888.75
2017-06-19,1,AMZ-GY,893.75
2017-06-20,2,AMZ-GY,898.35
2017-06-21,3,AMZ-GY,891.5
2017-06-22,4,AMZ-GY,900
2017-06-23,5,AMZ-GY,893.8
2017-06-26,1,AMZ-GY,888.1
2017-06-27,2,AMZ-GY,878.4
2017-06-28,3,AMZ-GY,864.9
2017-06-29,4,AMZ-GY,850.75
2017-06-30,5,AMZ-GY,857
2017-07-03,1,AMZ-GY,844.15
2017-07-04,2,AMZ-GY,840
2017-07-05,3,AMZ-GY,852.05
2017-07-06,4,AMZ-GY,845.25
2017-07-07,5,AMZ-GY,856.6
2017-07-10,1,AMZ-GY,873.1
2017-07-11,2,AMZ-GY,867.5
2017-07-12,3,AMZ-GY,878.6
2017-07-13,4,AMZ-GY,878.15
2017-07-14,5,AMZ-GY,873.7
2017-07-17,1,AMZ-GY,881.45
2017-07-18,2,AMZ-GY,880.65
2017-07-19,3,AMZ-GY,893
2017-07-20,4,AMZ-GY,884.1
2017-07-21,5,AMZ-GY,878.6
2017-07-24,1,AMZ-GY,886.65
2017-07-25,2,AMZ-GY,889.3
2017-07-26,3,AMZ-GY,902.6
2017-07-27,4,AMZ-GY,925.75
2017-07-28,5,AMZ-GY,863.05
2017-07-31,1,AMZ-GY,845.1
2017-08-01,2,AMZ-GY,846.85
2017-08-02,3,AMZ-GY,830.55
2017-08-03,4,AMZ-GY,831.15
2017-08-04,5,AMZ-GY,841.65
2017-08-07,1,AMZ-GY,842.5
2017-08-08,2,AMZ-GY,844.4
2017-08-09,3,AMZ-GY,837.4
2017-08-10,4,AMZ-GY,821.05
2017-08-11,5,AMZ-GY,819.55
2017-08-14,1,AMZ-GY,834.8
2017-08-15,2,AMZ-GY,839.8
2017-08-16,3,AMZ-GY,839.15
2017-08-17,4,AMZ-GY,824.05
2017-08-18,5,AMZ-GY,821.15
2017-08-21,1,AMZ-GY,805.1
2017-08-22,2,AMZ-GY,820.25
2017-08-23,3,AMZ-GY,813.55
2017-08-24,4,AMZ-GY,798
2017-08-25,5,AMZ-GY,799.45
2017-08-28,1,AMZ-GY,799
2017-08-29,2,AMZ-GY,790.75
2017-08-30,3,AMZ-GY,807.1
2017-08-31,4,AMZ-GY,822.9
2017-09-01,5,AMZ-GY,825
2017-09-04,1,AMZ-GY,822.5
2017-09-05,2,AMZ-GY,813.6
2017-09-06,3,AMZ-GY,807.15
2017-09-07,4,AMZ-GY,813.15
2017-09-08,5,AMZ-GY,809.95
2017-09-11,1,AMZ-GY,816.3
2017-09-12,2,AMZ-GY,821.05
2017-09-13,3,AMZ-GY,831.25
2017-09-14,4,AMZ-GY,834.55
2017-09-15,5,AMZ-GY,830.65
2017-09-18,1,AMZ-GY,824.7
2017-09-19,2,AMZ-GY,812.85
2017-09-20,3,AMZ-GY,806.75
2017-09-21,4,AMZ-GY,811.25
2017-09-22,5,AMZ-GY,800.2
2017-09-25,1,AMZ-GY,794.85
2017-09-26,2,AMZ-GY,794.15
2017-09-27,3,AMZ-GY,804.75
2017-09-28,4,AMZ-GY,812.2
2017-10-02,1,AMZ-GY,816.7
2017-10-04,3,AMZ-GY,821.85
2017-10-05,4,AMZ-GY,832.05
2017-10-06,5,AMZ-GY,843.2
2017-10-09,1,AMZ-GY,844.2
2017-10-10,2,AMZ-GY,834.2
2017-10-11,3,AMZ-GY,835.9
2017-10-12,4,AMZ-GY,847.85
2017-10-13,5,AMZ-GY,848.9
2017-10-16,1,AMZ-GY,850.5
2017-10-17,2,AMZ-GY,857.4
2017-10-18,3,AMZ-GY,855.9
2017-10-19,4,AMZ-GY,832.8
2017-10-20,5,AMZ-GY,840.55
2017-10-23,1,AMZ-GY,829.15
2017-10-24,2,AMZ-GY,831.35
2017-10-25,3,AMZ-GY,822.55
2017-10-26,4,AMZ-GY,831.9
2017-10-27,5,AMZ-GY,938.45
2017-10-30,1,AMZ-GY,952.4
2017-11-01,3,AMZ-GY,948.1
2017-11-02,4,AMZ-GY,937.7
2017-11-03,5,AMZ-GY,943
2017-11-06,1,AMZ-GY,966.25
2017-11-07,2,AMZ-GY,968.95
2017-11-08,3,AMZ-GY,971.25
2017-11-17,5,AMZ-GY,964.5
2017-11-20,1,AMZ-GY,959.45
2017-11-21,2,AMZ-GY,969.35
2017-11-22,3,AMZ-GY,973.55
2017-11-23,4,AMZ-GY,977.25
2017-11-24,5,AMZ-GY,984.3
2017-11-27,1,AMZ-GY,1003.7
2017-11-28,2,AMZ-GY,1010.05
2017-11-29,3,AMZ-GY,974.9
2017-11-30,4,AMZ-GY,985.1
2017-12-01,5,AMZ-GY,972.65
2017-12-04,1,AMZ-GY,963.7
2017-12-05,2,AMZ-GY,975.9
2017-12-06,3,AMZ-GY,974.9
2017-12-07,4,AMZ-GY,983.15
2017-12-08,5,AMZ-GY,994
2017-12-11,1,AMZ-GY,985.25
2017-12-12,2,AMZ-GY,1000
2017-12-13,3,AMZ-GY,990.1
2017-12-14,4,AMZ-GY,993.1
2017-12-15,5,AMZ-GY,999.75
2017-12-18,1,AMZ-GY,1005.5
2017-12-19,2,AMZ-GY,1004.4
2017-12-20,3,AMZ-GY,992
2017-12-21,4,AMZ-GY,993.15
2017-12-22,5,AMZ-GY,988.05
2017-12-27,3,AMZ-GY,994.65
2017-12-28,4,AMZ-GY,992.25
2017-12-29,5,AMZ-GY,990.15
2018-01-02,2,AMZ-GY,983
2018-01-03,3,AMZ-GY,998
2018-01-04,4,AMZ-GY,1002
2018-01-05,5,AMZ-GY,1012
2018-01-08,1,AMZ-GY,1042
2018-01-09,2,AMZ-GY,1044
2018-01-10,3,AMZ-GY,1044
2018-01-11,4,AMZ-GY,1044
2018-01-12,5,AMZ-GY,1074
2018-01-15,1,AMZ-GY,1072
2018-01-16,2,AMZ-GY,1086
2018-01-17,3,AMZ-GY,1056
2018-01-18,4,AMZ-GY,1064
2018-01-19,5,AMZ-GY,1060
2018-01-22,1,AMZ-GY,1074
2018-01-23,2,AMZ-GY,1102
2018-01-24,3,AMZ-GY,1094
2018-01-25,4,AMZ-GY,1096
2018-01-26,5,AMZ-GY,1124
2018-01-29,1,AMZ-GY,1148
2018-01-30,2,AMZ-GY,1149.06
2018-01-31,3,AMZ-GY,1174.95
2018-02-01,4,AMZ-GY,1150
2018-02-02,5,AMZ-GY,1178
2018-02-05,1,AMZ-GY,1168
2018-02-06,2,AMZ-GY,1122.01
2018-02-07,3,AMZ-GY,1188
2018-02-08,4,AMZ-GY,1137.65
2018-02-09,5,AMZ-GY,1084
2018-02-12,1,AMZ-GY,1124
2018-02-13,2,AMZ-GY,1134.1
2018-02-14,3,AMZ-GY,1156
2018-02-15,4,AMZ-GY,1168
2018-02-16,5,AMZ-GY,1170
2018-02-19,1,AMZ-GY,1174
2018-02-20,2,AMZ-GY,1194.71
2018-02-21,3,AMZ-GY,1216.7
2018-02-22,4,AMZ-GY,1210.55
2018-02-23,5,AMZ-GY,1213.96
2018-02-26,1,AMZ-GY,1233.98
2018-02-27,2,AMZ-GY,1242
2018-02-28,3,AMZ-GY,1242.96
2018-03-01,4,AMZ-GY,1233.74
2018-03-02,5,AMZ-GY,1200.33
2018-03-05,1,AMZ-GY,1227.04
2018-03-06,2,AMZ-GY,1234.74
2018-03-07,3,AMZ-GY,1239.41
2018-03-08,4,AMZ-GY,1258.57
2018-03-09,5,AMZ-GY,1271.72
2018-03-12,1,AMZ-GY,1300.44
2018-03-13,2,AMZ-GY,1279.2
2018-03-14,3,AMZ-GY,1291.85
2018-03-15,4,AMZ-GY,1286.8
2018-03-16,5,AMZ-GY,1280.89
2018-03-19,1,AMZ-GY,1248.36
2018-03-20,2,AMZ-GY,1286.06
2018-03-21,3,AMZ-GY,1293.59
2018-03-22,4,AMZ-GY,1259.46
2018-03-23,5,AMZ-GY,1231.19
2018-03-26,1,AMZ-GY,1217.68
2018-03-27,2,AMZ-GY,1267.04
2018-03-28,3,AMZ-GY,1138.35
2018-03-29,4,AMZ-GY,1152.82
2018-04-03,2,AMZ-GY,1128
2018-04-04,3,AMZ-GY,1125.83
2018-04-05,4,AMZ-GY,1187.65
2018-04-06,5,AMZ-GY,1169.03
2018-04-09,1,AMZ-GY,1162
2018-04-10,2,AMZ-GY,1160
2018-04-11,3,AMZ-GY,1162.5
2018-04-12,4,AMZ-GY,1175.54
2018-04-13,5,AMZ-GY,1171.5
2018-04-16,1,AMZ-GY,1159.45
2018-04-17,2,AMZ-GY,1197.25
2018-04-18,3,AMZ-GY,1233.51
2018-04-19,4,AMZ-GY,1256.55
2018-04-20,5,AMZ-GY,1258.4
2018-04-23,1,AMZ-GY,1258.9
2018-04-24,2,AMZ-GY,1213.48
2018-04-25,3,AMZ-GY,1200.4
2018-04-26,4,AMZ-GY,1239.4
2018-04-27,5,AMZ-GY,1317.75
2018-04-30,1,AMZ-GY,1311.25
2018-05-02,3,AMZ-GY,1318.6
2018-05-03,4,AMZ-GY,1298.35
2018-05-04,5,AMZ-GY,1323.4
2018-05-07,1,AMZ-GY,1343.95
2018-05-08,2,AMZ-GY,1340.8
2018-05-09,3,AMZ-GY,1346.94
2018-05-10,4,AMZ-GY,1351.95
2018-05-11,5,AMZ-GY,1345.98
2018-05-14,1,AMZ-GY,1341.26
2018-05-15,2,AMZ-GY,1323
2018-05-16,3,AMZ-GY,1344.44
2018-05-17,4,AMZ-GY,1348.4
2018-05-18,5,AMZ-GY,1342.68
2018-05-22,2,AMZ-GY,1340.59
2018-05-23,3,AMZ-GY,1346.7
2018-05-24,4,AMZ-GY,1360.1
2018-05-25,5,AMZ-GY,1381.94
2018-05-28,1,AMZ-GY,1390.41
2018-05-29,2,AMZ-GY,1400.99
2018-05-30,3,AMZ-GY,1393.5
2018-05-31,4,AMZ-GY,1397.56
2018-06-01,5,AMZ-GY,1409.87
2018-06-04,1,AMZ-GY,1413.39
2018-06-05,2,AMZ-GY,1439.96
2018-06-06,3,AMZ-GY,1448.99
2018-06-07,4,AMZ-GY,1426.6
2018-06-08,5,AMZ-GY,1432.27
2018-06-11,1,AMZ-GY,1429.58
2018-06-12,2,AMZ-GY,1438.13
2018-06-13,3,AMZ-GY,1454.44
2018-06-14,4,AMZ-GY,1476.19
2018-06-15,5,AMZ-GY,1476.47
2018-06-18,1,AMZ-GY,1483.93
2018-06-19,2,AMZ-GY,1479.28
2018-06-20,3,AMZ-GY,1513.5
2018-06-21,4,AMZ-GY,1500.87
2018-06-22,5,AMZ-GY,1484.42
2018-06-25,1,AMZ-GY,1425.57
2018-06-26,2,AMZ-GY,1438.92
2018-06-27,3,AMZ-GY,1463.7
2018-06-28,4,AMZ-GY,1455.525
2018-06-29,5,AMZ-GY,1467.78
2018-07-02,1,AMZ-GY,1460.09
2018-07-03,2,AMZ-GY,1464.935
2018-07-04,3,AMZ-GY,1456.01
2018-07-05,4,AMZ-GY,1449.805
2018-07-06,5,AMZ-GY,1456.85
2018-07-09,1,AMZ-GY,1472.36
2018-07-10,2,AMZ-GY,1486.725
2018-07-11,3,AMZ-GY,1488.95
2018-07-12,4,AMZ-GY,1526.64
2018-07-13,5,AMZ-GY,1553.12
2018-07-16,1,AMZ-GY,1560.27
2018-07-17,2,AMZ-GY,1574.81
2018-07-18,3,AMZ-GY,1587.37
2018-07-19,4,AMZ-GY,1580.24
2018-07-20,5,AMZ-GY,1563.25
2018-07-23,1,AMZ-GY,1542.22
2018-07-24,2,AMZ-GY,1563.04
2018-07-25,3,AMZ-GY,1573.08
2018-07-26,4,AMZ-GY,1566.98
2018-07-27,5,AMZ-GY,1582.8
2018-07-30,1,AMZ-GY,1534.81
2018-07-31,2,AMZ-GY,1518.54
2018-08-01,3,AMZ-GY,1529
2018-08-02,4,AMZ-GY,1558
2018-08-03,5,AMZ-GY,1576.76
2018-08-06,1,AMZ-GY,1581.72
2018-08-07,2,AMZ-GY,1599.7
2018-08-08,3,AMZ-GY,1623.89
2018-08-09,4,AMZ-GY,1640.72
2018-08-10,5,AMZ-GY,1659.78
2018-08-13,1,AMZ-GY,1670.24
2018-08-14,2,AMZ-GY,1682.49
2018-08-15,3,AMZ-GY,1675.36
2018-08-16,4,AMZ-GY,1667.62
2018-08-17,5,AMZ-GY,1639.65
2018-08-20,1,AMZ-GY,1641.98
2018-08-21,2,AMZ-GY,1641.68
2018-08-22,3,AMZ-GY,1637.36
2018-08-23,4,AMZ-GY,1647.88
2018-08-24,5,AMZ-GY,1647.05
2018-08-27,1,AMZ-GY,1643.53
2018-08-28,2,AMZ-GY,1653.25
2018-08-29,3,AMZ-GY,1692
2018-08-30,4,AMZ-GY,1725.27
2018-08-31,5,AMZ-GY,1733.07
2018-09-03,1,AMZ-GY,1753
2018-09-04,2,AMZ-GY,1772.64
2018-09-05,3,AMZ-GY,1724.06
2018-09-06,4,AMZ-GY,1691.64
2018-09-07,5,AMZ-GY,1705.23
2018-09-10,1,AMZ-GY,1674.64
2018-09-11,2,AMZ-GY,1696.99
2018-09-12,3,AMZ-GY,1710.79
2018-09-13,4,AMZ-GY,1712.5
2018-09-14,5,AMZ-GY,1694.67
2018-09-17,1,AMZ-GY,1646.75
2018-09-18,2,AMZ-GY,1673.49
2018-09-19,3,AMZ-GY,1644.2
2018-09-20,4,AMZ-GY,1659.62
2018-09-21,5,AMZ-GY,1648.29
2018-09-24,1,AMZ-GY,1631.3
2018-09-25,2,AMZ-GY,1656.36
2018-09-26,3,AMZ-GY,1690.95
2018-09-27,4,AMZ-GY,1719.25
2018-09-28,5,AMZ-GY,1737.01
2018-10-01,1,AMZ-GY,1749.82
2018-10-02,2,AMZ-GY,1739.95
2018-10-04,4,AMZ-GY,1664.89
2018-10-05,5,AMZ-GY,1640.99
2018-10-08,1,AMZ-GY,1616
2018-10-09,2,AMZ-GY,1644.23
2018-10-10,3,AMZ-GY,1563
2018-10-11,4,AMZ-GY,1474.57
2018-10-12,5,AMZ-GY,1543.04
2018-10-15,1,AMZ-GY,1528.32
2018-10-16,2,AMZ-GY,1543.01
2018-10-17,3,AMZ-GY,1583.55
2018-10-18,4,AMZ-GY,1555.08
2018-10-19,5,AMZ-GY,1557.42
2018-10-22,1,AMZ-GY,1565.9
2018-10-23,2,AMZ-GY,1512.12
2018-10-24,3,AMZ-GY,1523.96
2018-10-25,4,AMZ-GY,1538.05
2018-10-26,5,AMZ-GY,1444.53
2018-10-29,1,AMZ-GY,1373.91
2018-10-30,2,AMZ-GY,1339.69
2018-10-31,3,AMZ-GY,1410.78
2018-11-01,4,AMZ-GY,1427.57
2018-11-02,5,AMZ-GY,1469.17
2018-11-05,1,AMZ-GY,1406.94
2018-11-06,2,AMZ-GY,1436.53
2018-11-07,3,AMZ-GY,1497.99
2018-11-08,4,AMZ-GY,1547.87
2018-11-09,5,AMZ-GY,1516.95
2018-11-12,1,AMZ-GY,1457.03
2018-11-13,2,AMZ-GY,1472.2
2018-11-14,3,AMZ-GY,1437.46
2018-11-15,4,AMZ-GY,1396.44
2018-11-16,5,AMZ-GY,1392.25
2018-11-19,1,AMZ-GY,1346.11
2018-11-20,2,AMZ-GY,1330.81
2018-11-21,3,AMZ-GY,1345.56
2018-11-22,4,AMZ-GY,1313
2018-11-23,5,AMZ-GY,1339.4
2018-11-26,1,AMZ-GY,1373.75
2018-11-27,2,AMZ-GY,1415.77
2018-11-28,3,AMZ-GY,1427.35
2018-11-29,4,AMZ-GY,1466.27
2018-11-30,5,AMZ-GY,1488.94
2018-12-03,1,AMZ-GY,1561.35
2018-12-04,2,AMZ-GY,1539.7
2018-12-05,3,AMZ-GY,1487
2018-12-06,4,AMZ-GY,1445.63
2018-12-07,5,AMZ-GY,1456.88
2018-12-10,1,AMZ-GY,1419.02
2018-12-11,2,AMZ-GY,1457.5
2018-12-12,3,AMZ-GY,1490.62
2018-12-13,4,AMZ-GY,1460.38
2018-12-14,5,AMZ-GY,1442.26
2018-12-17,1,AMZ-GY,1382.82
2018-12-18,2,AMZ-GY,1353.01
2018-12-19,3,AMZ-GY,1366.89
2018-12-20,4,AMZ-GY,1275.2
2018-12-21,5,AMZ-GY,1245.36
2018-12-27,4,AMZ-GY,1250.41
2018-12-28,5,AMZ-GY,1285.1
2019-01-02,3,AMZ-GY,1340.09
2019-01-03,4,AMZ-GY,1335.89
2019-01-04,5,AMZ-GY,1369.53
2019-01-07,1,AMZ-GY,1413.35
2019-01-08,2,AMZ-GY,1433.74
2019-01-09,3,AMZ-GY,1437.22
2019-01-10,4,AMZ-GY,1438.38
2019-01-11,5,AMZ-GY,1434.94
2019-01-14,1,AMZ-GY,1433.43
2019-01-15,2,AMZ-GY,1450.82
2019-01-16,3,AMZ-GY,1487.49
2019-01-17,4,AMZ-GY,1482.6
2019-01-18,5,AMZ-GY,1506.17
2019-01-21,1,AMZ-GY,1496
2019-01-22,2,AMZ-GY,1463.91
2019-01-23,3,AMZ-GY,1435.99
2019-01-24,4,AMZ-GY,1444.12
2019-01-25,5,AMZ-GY,1468.4
2019-01-28,1,AMZ-GY,1416.71
2019-01-29,2,AMZ-GY,1397.62
2019-01-30,3,AMZ-GY,1437.86
2019-01-31,4,AMZ-GY,1495.27
2019-02-01,5,AMZ-GY,1435.53
2019-02-04,1,AMZ-GY,1440.3
2019-02-05,2,AMZ-GY,1451.21
2019-02-06,3,AMZ-GY,1441.7
2019-02-07,4,AMZ-GY,1409.56
2019-02-08,5,AMZ-GY,1392.26
2019-02-11,1,AMZ-GY,1409.19
2019-02-12,2,AMZ-GY,1438.53
2019-02-13,3,AMZ-GY,1457.74
2019-02-14,4,AMZ-GY,1430.36
2019-02-15,5,AMZ-GY,1427.71
2019-02-18,1,AMZ-GY,1429.98
2019-02-19,2,AMZ-GY,1432.18
2019-02-20,3,AMZ-GY,1435.77
2019-02-21,4,AMZ-GY,1423.25
2019-02-22,5,AMZ-GY,1441.02
2019-02-25,1,AMZ-GY,1446.08
2019-02-26,2,AMZ-GY,1431.24
2019-02-27,3,AMZ-GY,1430.74
2019-02-28,4,AMZ-GY,1445.94
2019-03-01,5,AMZ-GY,1455.49
2019-03-04,1,AMZ-GY,1496.83
2019-03-05,2,AMZ-GY,1506.03
2019-03-06,3,AMZ-GY,1483.68
2019-03-07,4,AMZ-GY,1472.25
2019-03-08,5,AMZ-GY,1433.02
2019-03-11,1,AMZ-GY,1475.31
2019-03-12,2,AMZ-GY,1488.29
2019-03-13,3,AMZ-GY,1498.67
2019-03-14,4,AMZ-GY,1501.34
2019-03-15,5,AMZ-GY,1506.9
2019-03-18,1,AMZ-GY,1533.81
2019-03-19,2,AMZ-GY,1569.86
2019-03-20,3,AMZ-GY,1564.5
2019-03-21,4,AMZ-GY,1590.2
2019-03-22,5,AMZ-GY,1579.35
2019-03-25,1,AMZ-GY,1562.95
2019-03-26,2,AMZ-GY,1586.9
2019-03-27,3,AMZ-GY,1561.98
2019-03-28,4,AMZ-GY,1570.38
2019-03-29,5,AMZ-GY,1588.34
2019-04-01,1,AMZ-GY,1608.26
2019-04-02,2,AMZ-GY,1621.86
2019-04-03,3,AMZ-GY,1626.88
2019-04-04,4,AMZ-GY,1616.67
2019-04-05,5,AMZ-GY,1631.34
2019-04-08,1,AMZ-GY,1626.56
2019-04-09,2,AMZ-GY,1638
2019-04-10,3,AMZ-GY,1635.2
2019-04-11,4,AMZ-GY,1638.8
2019-04-12,5,AMZ-GY,1630.4
2019-04-15,1,AMZ-GY,1618
2019-04-16,2,AMZ-GY,1646.4
2019-04-17,3,AMZ-GY,1650
2019-04-18,4,AMZ-GY,1658.2
2019-04-23,2,AMZ-GY,1714.2
2019-04-24,3,AMZ-GY,1716.4
2019-04-25,4,AMZ-GY,1720
2019-04-26,5,AMZ-GY,1716.2
2019-04-29,1,AMZ-GY,1741.4
2019-04-30,2,AMZ-GY,1706.4
2019-05-02,4,AMZ-GY,1700.6
2019-05-03,5,AMZ-GY,1748.4
2019-05-06,1,AMZ-GY,1742.2
2019-05-07,2,AMZ-GY,1721.4
2019-05-08,3,AMZ-GY,1719.2
2019-05-09,4,AMZ-GY,1679.2
2019-05-10,5,AMZ-GY,1654.6
2019-05-13,1,AMZ-GY,1626
2019-05-14,2,AMZ-GY,1649.4
2019-05-15,3,AMZ-GY,1658.4
2019-05-16,4,AMZ-GY,1712
2019-05-17,5,AMZ-GY,1703.8
2019-05-20,1,AMZ-GY,1660.4
2019-05-21,2,AMZ-GY,1660
2019-05-22,3,AMZ-GY,1671.6
2019-05-23,4,AMZ-GY,1635.4
2019-05-24,5,AMZ-GY,1629.2
2019-05-27,1,AMZ-GY,1635.6
2019-05-28,2,AMZ-GY,1647.2
2019-05-29,3,AMZ-GY,1631.4
2019-05-30,4,AMZ-GY,1631.2
2019-05-31,5,AMZ-GY,1607.8
2019-06-03,1,AMZ-GY,1533.8
2019-06-04,2,AMZ-GY,1529.4
2019-06-05,3,AMZ-GY,1541.6
2019-06-06,4,AMZ-GY,1540.2
2019-06-07,5,AMZ-GY,1582.6
2019-06-11,2,AMZ-GY,1648
2019-06-12,3,AMZ-GY,1639
2019-06-13,4,AMZ-GY,1658.2
2019-06-14,5,AMZ-GY,1666
2019-06-17,1,AMZ-GY,1679
2019-06-18,2,AMZ-GY,1713.2
2019-06-19,3,AMZ-GY,1694.6
2019-06-20,4,AMZ-GY,1696.8
2019-06-21,5,AMZ-GY,1697.6
2019-06-24,1,AMZ-GY,1675
2019-06-25,2,AMZ-GY,1659.6
2019-06-26,3,AMZ-GY,1662.2
2019-06-27,4,AMZ-GY,1670
2019-06-28,5,AMZ-GY,1672.2
2019-07-01,1,AMZ-GY,1699.8
2019-07-02,2,AMZ-GY,1689.2
2019-07-03,3,AMZ-GY,1718
2019-07-04,4,AMZ-GY,1719
2019-07-05,5,AMZ-GY,1724
2019-07-08,1,AMZ-GY,1735
2019-07-09,2,AMZ-GY,1761.4
2019-07-10,3,AMZ-GY,1787.8
2019-07-11,4,AMZ-GY,1803.8
2019-07-12,5,AMZ-GY,1787.2
2019-07-15,1,AMZ-GY,1781
2019-07-16,2,AMZ-GY,1800
2019-07-17,3,AMZ-GY,1780.6
2019-07-18,4,AMZ-GY,1750.6
2019-07-19,5,AMZ-GY,1772.2
2019-07-22,1,AMZ-GY,1751
2019-07-23,2,AMZ-GY,1777.8
2019-07-24,3,AMZ-GY,1785
2019-07-25,4,AMZ-GY,1785.6
2019-07-26,5,AMZ-GY,1745.4
2019-07-29,1,AMZ-GY,1703
2019-07-30,2,AMZ-GY,1704.6
2019-07-31,3,AMZ-GY,1696.2
2019-08-01,4,AMZ-GY,1709
2019-08-02,5,AMZ-GY,1633
2019-08-05,1,AMZ-GY,1588
2019-08-06,2,AMZ-GY,1570
2019-08-07,3,AMZ-GY,1579.4
2019-08-08,4,AMZ-GY,1624.6
2019-08-09,5,AMZ-GY,1611
2019-08-12,1,AMZ-GY,1596.8
2019-08-13,2,AMZ-GY,1620.4
2019-08-14,3,AMZ-GY,1591.4
2019-08-15,4,AMZ-GY,1598.2
2019-08-16,5,AMZ-GY,1618.2
2019-08-20,2,AMZ-GY,1636.2
2019-08-21,3,AMZ-GY,1644.2
2019-08-22,4,AMZ-GY,1633.2
2019-08-23,5,AMZ-GY,1591.8
2019-08-26,1,AMZ-GY,1584.6
2019-08-27,2,AMZ-GY,1587.6
2019-08-28,3,AMZ-GY,1592.6
2019-08-29,4,AMZ-GY,1622.8
2019-08-30,5,AMZ-GY,1611.8
2019-09-02,1,AMZ-GY,1613.2
2019-09-03,2,AMZ-GY,1639.8
2019-09-04,3,AMZ-GY,1634.4
2019-09-05,4,AMZ-GY,1660.6
2019-09-06,5,AMZ-GY,1662
2019-09-09,1,AMZ-GY,1671.6
2019-09-10,2,AMZ-GY,1641
2019-09-11,3,AMZ-GY,1663.6
2019-09-12,4,AMZ-GY,1671.6
2019-09-13,5,AMZ-GY,1663.6
2019-09-16,1,AMZ-GY,1640
2019-09-17,2,AMZ-GY,1641.8
2019-09-18,3,AMZ-GY,1638.4
2019-09-19,4,AMZ-GY,1657
2019-09-20,5,AMZ-GY,1634.2
2019-09-23,1,AMZ-GY,1619.4
2019-09-24,2,AMZ-GY,1607
2019-09-25,3,AMZ-GY,1590
2019-09-26,4,AMZ-GY,1589.4
2019-09-27,5,AMZ-GY,1591
2019-09-30,1,AMZ-GY,1587.2
2019-10-01,2,AMZ-GY,1588.4
2019-10-02,3,AMZ-GY,1558.6
2019-10-04,5,AMZ-GY,1576.4
2019-10-07,1,AMZ-GY,1586.6
2019-10-08,2,AMZ-GY,1567
2019-10-09,3,AMZ-GY,1569.8
2019-10-10,4,AMZ-GY,1574.2
2019-10-11,5,AMZ-GY,1579.8
2019-10-14,1,AMZ-GY,1567.2
2019-10-15,2,AMZ-GY,1589.4
2019-10-16,3,AMZ-GY,1607
2019-10-17,4,AMZ-GY,1607.6
2019-10-18,5,AMZ-GY,1587.6
2019-10-21,1,AMZ-GY,1597
2019-10-22,2,AMZ-GY,1591.2
2019-10-23,3,AMZ-GY,1590.2
2019-10-24,4,AMZ-GY,1607.8
2019-10-25,5,AMZ-GY,1577.4
2019-10-28,1,AMZ-GY,1596.4
2019-10-29,2,AMZ-GY,1588.4
2019-10-30,3,AMZ-GY,1589.2
2019-10-31,4,AMZ-GY,1593.6
2019-11-01,5,AMZ-GY,1602
2019-11-04,1,AMZ-GY,1624
2019-11-05,2,AMZ-GY,1629
2019-11-06,3,AMZ-GY,1622.4
2019-11-07,4,AMZ-GY,1631.8
2019-11-08,5,AMZ-GY,1615.4
2019-11-11,1,AMZ-GY,1605.2
2019-11-12,2,AMZ-GY,1620
2019-11-13,3,AMZ-GY,1601.6
2019-11-14,4,AMZ-GY,1593
2019-11-15,5,AMZ-GY,1581.4
2019-11-18,1,AMZ-GY,1577.2
2019-11-19,2,AMZ-GY,1576.8
2019-11-20,3,AMZ-GY,1583.8
2019-11-21,4,AMZ-GY,1568.6
2019-11-22,5,AMZ-GY,1571.6
2019-11-25,1,AMZ-GY,1610
2019-11-26,2,AMZ-GY,1626
2019-11-27,3,AMZ-GY,1654.6
2019-11-28,4,AMZ-GY,1655
2019-11-29,5,AMZ-GY,1638.2
2019-12-02,1,AMZ-GY,1596.4
2019-12-03,2,AMZ-GY,1577.8
2019-12-04,3,AMZ-GY,1599.2
2019-12-05,4,AMZ-GY,1573.2
2019-12-06,5,AMZ-GY,1580
2019-12-09,1,AMZ-GY,1588.8
2019-12-10,2,AMZ-GY,1571.4
2019-12-11,3,AMZ-GY,1567.4
2019-12-12,4,AMZ-GY,1578.6
2019-12-13,5,AMZ-GY,1582.6
2019-12-16,1,AMZ-GY,1581
2019-12-17,2,AMZ-GY,1597.4
2019-12-18,3,AMZ-GY,1613
2019-12-19,4,AMZ-GY,1609.2
2019-12-20,5,AMZ-GY,1621.4
2019-12-23,1,AMZ-GY,1614
2019-12-27,5,AMZ-GY,1698.4
2019-12-30,1,AMZ-GY,1672.4
2020-01-02,4,AMZ-GY,1669
2020-01-03,5,AMZ-GY,1677.2
2020-01-06,1,AMZ-GY,1694.8
2020-01-07,2,AMZ-GY,1706.8
2020-01-08,3,AMZ-GY,1710.6
2020-01-09,4,AMZ-GY,1719.2
2020-01-10,5,AMZ-GY,1707
2020-01-13,1,AMZ-GY,1695.4
2020-01-14,2,AMZ-GY,1684.2
2020-01-15,3,AMZ-GY,1670.6
2020-01-16,4,AMZ-GY,1680.6
2020-01-17,5,AMZ-GY,1682.8
2020-01-20,1,AMZ-GY,1681.8
2020-01-21,2,AMZ-GY,1689.8
2020-01-22,3,AMZ-GY,1704.6
2020-01-23,4,AMZ-GY,1703
2020-01-24,5,AMZ-GY,1705.4
2020-01-27,1,AMZ-GY,1662.6
2020-01-28,2,AMZ-GY,1680.2
2020-01-29,3,AMZ-GY,1693.2
2020-01-30,4,AMZ-GY,1683
2020-01-31,5,AMZ-GY,1836.8
2020-02-03,1,AMZ-GY,1829.8
2020-02-04,2,AMZ-GY,1838.8
2020-02-05,3,AMZ-GY,1856.6
2020-02-06,4,AMZ-GY,1862.2
2020-02-07,5,AMZ-GY,1908.4
2020-02-10,1,AMZ-GY,1941.6
2020-02-11,2,AMZ-GY,1993.4
2020-02-12,3,AMZ-GY,1993.4
2020-02-13,4,AMZ-GY,1990.2
2020-02-14,5,AMZ-GY,1978.8
2020-02-17,1,AMZ-GY,1984
2020-02-18,2,AMZ-GY,1975
2020-02-19,3,AMZ-GY,2019
2020-02-20,4,AMZ-GY,1982
2020-02-21,5,AMZ-GY,1952.4
2020-02-24,1,AMZ-GY,1843.4
2020-02-25,2,AMZ-GY,1824.8
2020-02-26,3,AMZ-GY,1840
2020-02-27,4,AMZ-GY,1754.4
2020-02-28,5,AMZ-GY,1692.8
2020-03-02,1,AMZ-GY,1717
2020-03-03,2,AMZ-GY,1744.4
2020-03-04,3,AMZ-GY,1742.6
2020-03-05,4,AMZ-GY,1744
2020-03-06,5,AMZ-GY,1678.2
2020-03-09,1,AMZ-GY,1602.4
2020-03-10,2,AMZ-GY,1616.8
2020-03-11,3,AMZ-GY,1636.8
2020-03-12,4,AMZ-GY,1533.8
2020-03-13,5,AMZ-GY,1540.8
2020-03-16,1,AMZ-GY,1553
2020-03-17,2,AMZ-GY,1649
2020-03-18,3,AMZ-GY,1665
2020-03-19,4,AMZ-GY,1774.4
2020-03-20,5,AMZ-GY,1753.2
2020-03-23,1,AMZ-GY,1733.4
2020-03-24,2,AMZ-GY,1793.8
2020-03-25,3,AMZ-GY,1759.8
2020-03-26,4,AMZ-GY,1740.6
2020-03-27,5,AMZ-GY,1729.6
2020-03-30,1,AMZ-GY,1780
2020-03-31,2,AMZ-GY,1802.6
2020-04-01,3,AMZ-GY,1763.2
2020-04-02,4,AMZ-GY,1762.6
2020-04-03,5,AMZ-GY,1764.6
2020-04-06,1,AMZ-GY,1812
2020-04-07,2,AMZ-GY,1850.4
2020-04-08,3,AMZ-GY,1860.8
2020-04-09,4,AMZ-GY,1855
2020-04-14,2,AMZ-GY,2057
2020-04-15,3,AMZ-GY,2103
2020-04-16,4,AMZ-GY,2238
2020-04-17,5,AMZ-GY,2159.5
2020-04-20,1,AMZ-GY,2229.5
2020-04-21,2,AMZ-GY,2124.5
2020-04-22,3,AMZ-GY,2181
2020-04-23,4,AMZ-GY,2225
2020-04-24,5,AMZ-GY,2218
2020-04-27,1,AMZ-GY,2229.5
2020-04-28,2,AMZ-GY,2148
2020-04-29,3,AMZ-GY,2171.5
2020-04-30,4,AMZ-GY,2217.5
2020-05-04,1,AMZ-GY,2123.5
2020-05-05,2,AMZ-GY,2150
2020-05-06,3,AMZ-GY,2164.5
2020-05-07,4,AMZ-GY,2181
2020-05-08,5,AMZ-GY,2189.5
2020-05-11,1,AMZ-GY,2228
2020-05-12,2,AMZ-GY,2214
2020-05-13,3,AMZ-GY,2195
2020-05-14,4,AMZ-GY,2192
2020-05-15,5,AMZ-GY,2185.5
2020-05-18,1,AMZ-GY,2227
2020-05-19,2,AMZ-GY,2267
2020-05-20,3,AMZ-GY,2260.5
2020-05-21,4,AMZ-GY,2251
2020-05-22,5,AMZ-GY,2248.5
2020-05-25,1,AMZ-GY,2259
2020-05-26,2,AMZ-GY,2210
2020-05-27,3,AMZ-GY,2154
2020-05-28,4,AMZ-GY,2183.5
2020-05-29,5,AMZ-GY,2168
2020-06-02,2,AMZ-GY,2195.5
2020-06-03,3,AMZ-GY,2197
2020-06-04,4,AMZ-GY,2183
2020-06-05,5,AMZ-GY,2184
2020-06-08,1,AMZ-GY,2224.5
2020-06-09,2,AMZ-GY,2285
2020-06-10,3,AMZ-GY,2342.5
2020-06-11,4,AMZ-GY,2326
2020-06-12,5,AMZ-GY,2266.5
2020-06-15,1,AMZ-GY,2245.5
2020-06-16,2,AMZ-GY,2312.5
2020-06-17,3,AMZ-GY,2356
2020-06-18,4,AMZ-GY,2357.5
2020-06-19,5,AMZ-GY,2396
2020-06-22,1,AMZ-GY,2391
2020-06-23,2,AMZ-GY,2453
2020-06-24,3,AMZ-GY,2433.5
2020-06-25,4,AMZ-GY,2437
2020-06-26,5,AMZ-GY,2452.5
2020-06-29,1,AMZ-GY,2378
2020-06-30,2,AMZ-GY,2426
2020-07-01,3,AMZ-GY,2489
2020-07-02,4,AMZ-GY,2570
2020-07-03,5,AMZ-GY,2580.5
2020-07-06,1,AMZ-GY,2672.5
2020-07-07,2,AMZ-GY,2705
2020-07-08,3,AMZ-GY,2670.5
2020-07-09,4,AMZ-GY,2749
2020-07-10,5,AMZ-GY,2808.5
2020-07-13,1,AMZ-GY,2935
2020-07-14,2,AMZ-GY,2699.5
2020-07-15,3,AMZ-GY,2633
2020-07-16,4,AMZ-GY,2572.5
2020-07-17,5,AMZ-GY,2602.5
2020-07-20,1,AMZ-GY,2719
2020-07-21,2,AMZ-GY,2728
2020-07-22,3,AMZ-GY,2674
2020-07-23,4,AMZ-GY,2634.5
2020-07-24,5,AMZ-GY,2587.5
2020-07-27,1,AMZ-GY,2572
2020-07-28,2,AMZ-GY,2575
2020-07-29,3,AMZ-GY,2563.5
2020-07-30,4,AMZ-GY,2580
2020-07-31,5,AMZ-GY,2702
2020-08-03,1,AMZ-GY,2668
2020-08-04,2,AMZ-GY,2650
2020-08-05,3,AMZ-GY,2677
2020-08-06,4,AMZ-GY,2696
2020-08-07,5,AMZ-GY,2721
2020-08-10,1,AMZ-GY,2660.5
2020-08-11,2,AMZ-GY,2676
2020-08-12,3,AMZ-GY,2668.5
2020-08-13,4,AMZ-GY,2710
2020-08-14,5,AMZ-GY,2660
2020-08-17,1,AMZ-GY,2664
2020-08-18,2,AMZ-GY,2751
2020-08-19,3,AMZ-GY,2770
2020-08-20,4,AMZ-GY,2769.5
2020-08-21,5,AMZ-GY,2790
2020-08-24,1,AMZ-GY,2792
2020-08-25,2,AMZ-GY,2831
2020-08-26,3,AMZ-GY,2872.5
2020-08-27,4,AMZ-GY,2915
2020-08-28,5,AMZ-GY,2872
2020-08-31,1,AMZ-GY,2894.5
2020-09-01,2,AMZ-GY,2924.5
2020-09-02,3,AMZ-GY,2963
2020-09-03,4,AMZ-GY,2839
2020-09-04,5,AMZ-GY,2718
2020-09-07,1,AMZ-GY,2755
2020-09-08,2,AMZ-GY,2705.5
2020-09-09,3,AMZ-GY,2758.5
2020-09-10,4,AMZ-GY,2784
2020-09-11,5,AMZ-GY,2666
2020-09-14,1,AMZ-GY,2674.5
2020-09-15,2,AMZ-GY,2644
2020-09-16,3,AMZ-GY,2661
2020-09-17,4,AMZ-GY,2541
2020-09-18,5,AMZ-GY,2491.5
2020-09-21,1,AMZ-GY,2460
2020-09-22,2,AMZ-GY,2593.5
2020-09-23,3,AMZ-GY,2625.5
2020-09-24,4,AMZ-GY,2623
2020-09-25,5,AMZ-GY,2622
2020-09-28,1,AMZ-GY,2702
2020-09-29,2,AMZ-GY,2701
2020-09-30,3,AMZ-GY,2728.5
2020-10-01,4,AMZ-GY,2727
2020-10-02,5,AMZ-GY,2694.5
2020-10-05,1,AMZ-GY,2701
2020-10-06,2,AMZ-GY,2665.5
2020-10-07,3,AMZ-GY,2689
2020-10-08,4,AMZ-GY,2713
2020-10-09,5,AMZ-GY,2753
2020-10-12,1,AMZ-GY,2917
2020-10-13,2,AMZ-GY,2968
2020-10-14,3,AMZ-GY,2894
2020-10-15,4,AMZ-GY,2831.5
2020-10-16,5,AMZ-GY,2869.5
2020-10-19,1,AMZ-GY,2757.5
2020-10-20,2,AMZ-GY,2711.5
2020-10-21,3,AMZ-GY,2685.5
2020-10-22,4,AMZ-GY,2657.5
2020-10-23,5,AMZ-GY,2669
2020-10-26,1,AMZ-GY,2711
2020-10-27,2,AMZ-GY,2749
2020-10-28,3,AMZ-GY,2713.5
2020-10-29,4,AMZ-GY,2745
2020-10-30,5,AMZ-GY,2629.5
2020-11-02,1,AMZ-GY,2569.5
2020-11-03,2,AMZ-GY,2609
2020-11-04,3,AMZ-GY,2764.5
2020-11-05,4,AMZ-GY,2826
2020-11-06,5,AMZ-GY,2766
2020-11-09,1,AMZ-GY,2749
2020-11-10,2,AMZ-GY,2572.5
2020-11-11,3,AMZ-GY,2644
2020-11-12,4,AMZ-GY,2642.5
2020-11-13,5,AMZ-GY,2621.5
2020-11-16,1,AMZ-GY,2631.5
2020-11-17,2,AMZ-GY,2652
2020-11-18,3,AMZ-GY,2629
2020-11-19,4,AMZ-GY,2631.5
2020-11-20,5,AMZ-GY,2632.5
2020-11-23,1,AMZ-GY,2603.5
2020-11-24,2,AMZ-GY,2615.5
2020-11-25,3,AMZ-GY,2675.5
2020-11-26,4,AMZ-GY,2706.5
2020-11-27,5,AMZ-GY,2682
2020-11-30,1,AMZ-GY,2629.5
2020-12-01,2,AMZ-GY,2643
2020-12-02,3,AMZ-GY,2656.5
2020-12-03,4,AMZ-GY,2636.5
